onset	duration	trial_type	value	sample
2.2	0.0009765625	Stimulus/S 77	1	440
2.245	0.0009765625	Stimulus/S111	3	449
2.845	0.00146484375	Stimulus/S111	3	569
3.245	0.0009765625	Stimulus/S111	3	649
3.68	0.0009765625	Stimulus/S111	3	736
4.23	0.0009765625	Stimulus/S111	3	846
4.61	0.0009765625	Stimulus/S111	3	922
5.06	0.0009765625	Stimulus/S111	3	1012
5.445	0.0009765625	Stimulus/S111	3	1089
5.93	0.00146484375	Stimulus/S111	3	1186
6.46	0.0009765625	Stimulus/S111	3	1292
6.775	0.0009765625	Stimulus/S111	3	1355
7.225	0.0009765625	Stimulus/S111	3	1445
8.295	0.0009765625	Stimulus/S111	3	1659
8.71	0.0009765625	Stimulus/S111	3	1742
9.125	0.0009765625	Stimulus/S111	3	1825
9.295	0.0009765625	Stimulus/S111	3	1859
10.46	0.0009765625	Stimulus/S111	3	2092
10.675	0.0009765625	Stimulus/S111	3	2135
11.26	0.0009765625	Stimulus/S111	3	2252
11.675	0.0009765625	Stimulus/S111	3	2335
12.29	0.0009765625	Stimulus/S111	3	2458
12.71	0.0009765625	Stimulus/S111	3	2542
12.89	0.0009765625	Stimulus/S111	3	2578
13.36	0.0009765625	Stimulus/S111	3	2672
14.41	0.0009765625	Stimulus/S111	3	2882
14.76	0.0009765625	Stimulus/S111	3	2952
15.125	0.0009765625	Stimulus/S111	3	3025
15.41	0.0009765625	Stimulus/S111	3	3082
15.84	0.0009765625	Stimulus/S111	3	3168
16.29	0.0009765625	Stimulus/S111	3	3258
16.69	0.0009765625	Stimulus/S111	3	3338
16.89	0.0009765625	Stimulus/S111	3	3378
17.405	0.00146484375	Stimulus/S111	3	3481
19.125	0.0009765625	Stimulus/S111	3	3825
19.375	0.0009765625	Stimulus/S111	3	3875
19.655	0.00146484375	Stimulus/S111	3	3931
20.04	0.0009765625	Stimulus/S111	3	4008
20.455	0.0009765625	Stimulus/S111	3	4091
20.89	0.0009765625	Stimulus/S111	3	4178
21.105	0.0009765625	Stimulus/S111	3	4221
21.525	0.0009765625	Stimulus/S111	3	4305
21.99	0.0009765625	Stimulus/S111	3	4398
22.355	0.0009765625	Stimulus/S111	3	4471
23.105	0.0009765625	Stimulus/S111	3	4621
23.54	0.0009765625	Stimulus/S111	3	4708
23.805	0.0009765625	Stimulus/S111	3	4761
24.09	0.0009765625	Stimulus/S111	3	4818
24.47	0.0009765625	Stimulus/S111	3	4894
24.805	0.0009765625	Stimulus/S111	3	4961
24.99	0.0009765625	Stimulus/S111	3	4998
25.205	0.0009765625	Stimulus/S111	3	5041
26.09	0.0009765625	Stimulus/S111	3	5218
26.47	0.0009765625	Stimulus/S111	3	5294
26.82	0.0009765625	Stimulus/S111	3	5364
27.535	0.0009765625	Stimulus/S111	3	5507
27.955	0.0009765625	Stimulus/S111	3	5591
28.385	0.00146484375	Stimulus/S111	3	5677
28.77	0.0009765625	Stimulus/S111	3	5754
29.655	0.0009765625	Stimulus/S111	3	5931
30.42	0.0009765625	Stimulus/S111	3	6084
30.655	0.0009765625	Stimulus/S111	3	6131
30.835	0.0009765625	Stimulus/S111	3	6167
31.035	0.0009765625	Stimulus/S111	3	6207
31.355	0.0009765625	Stimulus/S111	3	6271
31.605	0.0009765625	Stimulus/S111	3	6321
33.67	0.0009765625	Stimulus/S111	3	6734
33.9	0.0009765625	Stimulus/S111	3	6780
34.07	0.0009765625	Stimulus/S111	3	6814
34.385	0.0009765625	Stimulus/S111	3	6877
34.985	0.0009765625	Stimulus/S111	3	6997
35.55	0.0009765625	Stimulus/S111	3	7110
36.785	0.0009765625	Stimulus/S111	3	7357
37.085	0.0009765625	Stimulus/S111	3	7417
37.6	0.0009765625	Stimulus/S111	3	7520
38.07	0.0009765625	Stimulus/S111	3	7614
38.235	0.0009765625	Stimulus/S111	3	7647
38.95	0.0009765625	Stimulus/S111	3	7790
39.315	0.0009765625	Stimulus/S111	3	7863
39.5	0.0009765625	Stimulus/S111	3	7900
39.765	0.0009765625	Stimulus/S111	3	7953
40.35	0.0009765625	Stimulus/S111	3	8070
40.835	0.0009765625	Stimulus/S111	3	8167
41.1	0.0009765625	Stimulus/S111	3	8220
42.285	0.0009765625	Stimulus/S111	3	8457
42.75	0.0009765625	Stimulus/S111	3	8550
42.915	0.0009765625	Stimulus/S111	3	8583
43.28	0.00146484375	Stimulus/S111	3	8656
44.03	0.00146484375	Stimulus/S111	3	8806
44.38	0.0009765625	Stimulus/S111	3	8876
44.865	0.0009765625	Stimulus/S111	3	8973
45.03	0.00146484375	Stimulus/S111	3	9006
45.415	0.0009765625	Stimulus/S111	3	9083
46.415	0.0009765625	Stimulus/S111	3	9283
46.78	0.0009765625	Stimulus/S111	3	9356
46.965	0.0009765625	Stimulus/S111	3	9393
47.23	0.0009765625	Stimulus/S111	3	9446
47.75	0.0009765625	Stimulus/S111	3	9550
48.2	0.0009765625	Stimulus/S111	3	9640
48.695	0.0009765625	Stimulus/S111	3	9739
49.245	0.0009765625	Stimulus/S111	3	9849
50.365	0.0009765625	Stimulus/S111	3	10073
50.98	0.0009765625	Stimulus/S111	3	10196
51.38	0.0009765625	Stimulus/S111	3	10276
51.995	0.0009765625	Stimulus/S111	3	10399
53.095	0.0009765625	Stimulus/S111	3	10619
53.28	0.0009765625	Stimulus/S111	3	10656
53.495	0.0009765625	Stimulus/S111	3	10699
53.98	0.0009765625	Stimulus/S111	3	10796
54.16	0.0009765625	Stimulus/S111	3	10832
54.58	0.0009765625	Stimulus/S111	3	10916
55.46	0.0009765625	Stimulus/S111	3	11092
55.695	0.0009765625	Stimulus/S111	3	11139
56.08	0.0009765625	Stimulus/S111	3	11216
56.545	0.0009765625	Stimulus/S111	3	11309
56.98	0.0009765625	Stimulus/S111	3	11396
57.345	0.0009765625	Stimulus/S111	3	11469
57.51	0.0009765625	Stimulus/S111	3	11502
57.995	0.0009765625	Stimulus/S111	3	11599
59.21	0.0009765625	Stimulus/S111	3	11842
59.525	0.0009765625	Stimulus/S111	3	11905
60.01	0.0009765625	Stimulus/S111	3	12002
60.525	0.0009765625	Stimulus/S111	3	12105
61.06	0.0009765625	Stimulus/S111	3	12212
61.26	0.0009765625	Stimulus/S111	3	12252
62.175	0.0009765625	Stimulus/S111	3	12435
62.675	0.0009765625	Stimulus/S111	3	12535
63.34	0.0009765625	Stimulus/S111	3	12668
64.06	0.0009765625	Stimulus/S111	3	12812
64.49	0.0009765625	Stimulus/S111	3	12898
64.94	0.0009765625	Stimulus/S111	3	12988
65.425	0.0009765625	Stimulus/S111	3	13085
65.94	0.0009765625	Stimulus/S111	3	13188
66.36	0.0009765625	Stimulus/S111	3	13272
66.59	0.0009765625	Stimulus/S111	3	13318
67.025	0.0009765625	Stimulus/S111	3	13405
67.375	0.0009765625	Stimulus/S111	3	13475
68.825	0.00146484375	Stimulus/S111	3	13765
69.055	0.0009765625	Stimulus/S111	3	13811
69.275	0.0009765625	Stimulus/S111	3	13855
69.605	0.0009765625	Stimulus/S111	3	13921
70.04	0.0009765625	Stimulus/S111	3	14008
70.205	0.0009765625	Stimulus/S111	3	14041
71.105	0.0009765625	Stimulus/S111	3	14221
71.405	0.00146484375	Stimulus/S111	3	14281
72.505	0.0009765625	Stimulus/S111	3	14501
72.89	0.0009765625	Stimulus/S111	3	14578
73.305	0.0009765625	Stimulus/S111	3	14661
74.27	0.0009765625	Stimulus/S111	3	14854
74.47	0.0009765625	Stimulus/S111	3	14894
74.655	0.0009765625	Stimulus/S111	3	14931
75.19	0.0009765625	Stimulus/S111	3	15038
75.505	0.0009765625	Stimulus/S111	3	15101
75.82	0.0009765625	Stimulus/S111	3	15164
76.12	0.0009765625	Stimulus/S111	3	15224
76.34	0.0009765625	Stimulus/S111	3	15268
76.905	0.0009765625	Stimulus/S111	3	15381
77.19	0.0009765625	Stimulus/S111	3	15438
77.47	0.0009765625	Stimulus/S111	3	15494
77.705	0.0009765625	Stimulus/S111	3	15541
78.02	0.0009765625	Stimulus/S111	3	15604
78.705	0.0009765625	Stimulus/S111	3	15741
79.085	0.0009765625	Stimulus/S111	3	15817
79.32	0.0009765625	Stimulus/S111	3	15864
79.785	0.0009765625	Stimulus/S111	3	15957
79.955	0.0009765625	Stimulus/S111	3	15991
80.755	0.0009765625	Stimulus/S111	3	16151
81.22	0.00146484375	Stimulus/S111	3	16244
81.755	0.0009765625	Stimulus/S111	3	16351
82.235	0.0009765625	Stimulus/S111	3	16447
82.42	0.0009765625	Stimulus/S111	3	16484
84.65	0.0009765625	Stimulus/S111	3	16930
85.335	0.0009765625	Stimulus/S111	3	17067
85.8	0.0009765625	Stimulus/S111	3	17160
86.07	0.0009765625	Stimulus/S111	3	17214
87.27	0.0009765625	Stimulus/S111	3	17454
87.45	0.0009765625	Stimulus/S111	3	17490
87.67	0.0009765625	Stimulus/S111	3	17534
88.3	0.0009765625	Stimulus/S111	3	17660
88.52	0.0009765625	Stimulus/S111	3	17704
89.465	0.0009765625	Stimulus/S111	3	17893
89.815	0.0009765625	Stimulus/S111	3	17963
90.365	0.0009765625	Stimulus/S111	3	18073
90.7	0.0009765625	Stimulus/S111	3	18140
91.85	0.0009765625	Stimulus/S111	3	18370
92.95	0.0009765625	Stimulus/S111	3	18590
93.335	0.0009765625	Stimulus/S111	3	18667
93.735	0.0009765625	Stimulus/S111	3	18747
94.0	0.0009765625	Stimulus/S111	3	18800
94.415	0.0009765625	Stimulus/S111	3	18883
94.565	0.0009765625	Stimulus/S111	3	18913
95.5	0.0009765625	Stimulus/S111	3	19100
95.865	0.0009765625	Stimulus/S111	3	19173
96.25	0.0009765625	Stimulus/S111	3	19250
96.58	0.0009765625	Stimulus/S111	3	19316
97.05	0.0009765625	Stimulus/S111	3	19410
97.23	0.0009765625	Stimulus/S111	3	19446
98.265	0.0009765625	Stimulus/S111	3	19653
98.48	0.0009765625	Stimulus/S111	3	19696
98.8	0.0009765625	Stimulus/S111	3	19760
99.08	0.0009765625	Stimulus/S111	3	19816
99.515	0.0009765625	Stimulus/S111	3	19903
100.03	0.0009765625	Stimulus/S111	3	20006
100.48	0.0009765625	Stimulus/S111	3	20096
100.63	0.0009765625	Stimulus/S111	3	20126
101.515	0.0009765625	Stimulus/S111	3	20303
102.215	0.0009765625	Stimulus/S111	3	20443
102.68	0.0009765625	Stimulus/S111	3	20536
102.865	0.0009765625	Stimulus/S111	3	20573
105.045	0.0009765625	Stimulus/S111	3	21009
105.43	0.0009765625	Stimulus/S111	3	21086
105.66	0.0009765625	Stimulus/S111	3	21132
106.53	0.0009765625	Stimulus/S111	3	21306
107.245	0.0009765625	Stimulus/S111	3	21449
107.495	0.0009765625	Stimulus/S111	3	21499
107.76	0.00146484375	Stimulus/S111	3	21552
108.23	0.0009765625	Stimulus/S111	3	21646
108.43	0.00146484375	Stimulus/S111	3	21686
109.195	0.0009765625	Stimulus/S111	3	21839
109.545	0.0009765625	Stimulus/S111	3	21909
110.695	0.0009765625	Stimulus/S111	3	22139
110.96	0.0009765625	Stimulus/S111	3	22192
111.475	0.0009765625	Stimulus/S111	3	22295
111.895	0.0009765625	Stimulus/S111	3	22379
112.075	0.0009765625	Stimulus/S111	3	22415
112.275	0.0009765625	Stimulus/S111	3	22455
113.145	0.0009765625	Stimulus/S111	3	22629
113.71	0.0009765625	Stimulus/S111	3	22742
114.075	0.0009765625	Stimulus/S111	3	22815
114.96	0.0009765625	Stimulus/S111	3	22992
115.59	0.0009765625	Stimulus/S111	3	23118
115.81	0.0009765625	Stimulus/S111	3	23162
116.06	0.0009765625	Stimulus/S111	3	23212
116.325	0.0009765625	Stimulus/S111	3	23265
116.46	0.0009765625	Stimulus/S111	3	23292
117.51	0.0009765625	Stimulus/S111	3	23502
118.14	0.0009765625	Stimulus/S111	3	23628
118.325	0.0009765625	Stimulus/S111	3	23665
118.59	0.0009765625	Stimulus/S111	3	23718
118.76	0.0009765625	Stimulus/S111	3	23752
118.975	0.0009765625	Stimulus/S111	3	23795
119.44	0.0009765625	Stimulus/S111	3	23888
119.81	0.0009765625	Stimulus/S111	3	23962
120.255	0.0009765625	Stimulus/S111	3	24051
120.74	0.00146484375	Stimulus/S111	3	24148
121.855	0.0009765625	Stimulus/S111	3	24371
122.055	0.0009765625	Stimulus/S111	3	24411
122.275	0.0009765625	Stimulus/S111	3	24455
122.775	0.0009765625	Stimulus/S111	3	24555
123.24	0.0009765625	Stimulus/S111	3	24648
123.775	0.0009765625	Stimulus/S111	3	24755
124.025	0.0009765625	Stimulus/S111	3	24805
124.69	0.0009765625	Stimulus/S111	3	24938
124.875	0.0009765625	Stimulus/S111	3	24975
125.305	0.0009765625	Stimulus/S111	3	25061
125.49	0.0009765625	Stimulus/S111	3	25098
126.455	0.0009765625	Stimulus/S111	3	25291
127.17	0.0009765625	Stimulus/S111	3	25434
127.39	0.0009765625	Stimulus/S111	3	25478
127.84	0.0009765625	Stimulus/S111	3	25568
128.24	0.0009765625	Stimulus/S111	3	25648
128.74	0.0009765625	Stimulus/S111	3	25748
128.905	0.0009765625	Stimulus/S111	3	25781
130.24	0.0009765625	Stimulus/S111	3	26048
130.42	0.0009765625	Stimulus/S111	3	26084
130.585	0.0009765625	Stimulus/S111	3	26117
131.555	0.0009765625	Stimulus/S111	3	26311
131.905	0.0009765625	Stimulus/S111	3	26381
132.12	0.0009765625	Stimulus/S111	3	26424
132.52	0.0009765625	Stimulus/S111	3	26504
133.07	0.0009765625	Stimulus/S111	3	26614
133.585	0.0009765625	Stimulus/S111	3	26717
133.97	0.00146484375	Stimulus/S111	3	26794
134.305	0.00146484375	Stimulus/S111	3	26861
134.535	0.0009765625	Stimulus/S111	3	26907
134.955	0.0009765625	Stimulus/S111	3	26991
135.335	0.0009765625	Stimulus/S111	3	27067
136.12	0.0009765625	Stimulus/S111	3	27224
136.3	0.0009765625	Stimulus/S111	3	27260
136.55	0.0009765625	Stimulus/S111	3	27310
137.27	0.0009765625	Stimulus/S111	3	27454
137.485	0.0009765625	Stimulus/S111	3	27497
137.77	0.0009765625	Stimulus/S111	3	27554
138.135	0.0009765625	Stimulus/S111	3	27627
138.3	0.0009765625	Stimulus/S111	3	27660
139.32	0.0009765625	Stimulus/S111	3	27864
139.685	0.0009765625	Stimulus/S111	3	27937
139.9	0.0009765625	Stimulus/S111	3	27980
140.35	0.0009765625	Stimulus/S111	3	28070
140.785	0.0009765625	Stimulus/S111	3	28157
141.0	0.0009765625	Stimulus/S111	3	28200
141.8	0.0009765625	Stimulus/S111	3	28360
141.985	0.0009765625	Stimulus/S111	3	28397
142.515	0.0009765625	Stimulus/S111	3	28503
142.665	0.0009765625	Stimulus/S111	3	28533
144.95	0.00146484375	Stimulus/S111	3	28990
145.365	0.00146484375	Stimulus/S111	3	29073
146.165	0.0009765625	Stimulus/S111	3	29233
146.35	0.0009765625	Stimulus/S111	3	29270
146.73	0.0009765625	Stimulus/S111	3	29346
146.98	0.0009765625	Stimulus/S111	3	29396
147.4	0.0009765625	Stimulus/S111	3	29480
147.53	0.00146484375	Stimulus/S111	3	29506
148.55	0.0009765625	Stimulus/S111	3	29710
149.165	0.0009765625	Stimulus/S111	3	29833
150.35	0.0009765625	Stimulus/S111	3	30070
150.515	0.0009765625	Stimulus/S111	3	30103
151.265	0.0009765625	Stimulus/S111	3	30253
151.665	0.0009765625	Stimulus/S111	3	30333
152.08	0.0009765625	Stimulus/S111	3	30416
152.315	0.0009765625	Stimulus/S111	3	30463
152.53	0.0009765625	Stimulus/S111	3	30506
153.03	0.0009765625	Stimulus/S111	3	30606
153.265	0.0009765625	Stimulus/S111	3	30653
153.745	0.0009765625	Stimulus/S111	3	30749
155.165	0.0009765625	Stimulus/S111	3	31033
155.615	0.0009765625	Stimulus/S111	3	31123
156.345	0.0009765625	Stimulus/S111	3	31269
156.63	0.0009765625	Stimulus/S111	3	31326
157.045	0.0009765625	Stimulus/S111	3	31409
157.53	0.0009765625	Stimulus/S111	3	31506
157.745	0.0009765625	Stimulus/S111	3	31549
158.18	0.00146484375	Stimulus/S111	3	31636
159.26	0.00146484375	Stimulus/S111	3	31852
159.645	0.0009765625	Stimulus/S111	3	31929
160.56	0.0009765625	Stimulus/S111	3	32112
161.325	0.0009765625	Stimulus/S111	3	32265
162.245	0.0009765625	Stimulus/S111	3	32449
162.745	0.0009765625	Stimulus/S111	3	32549
162.925	0.0009765625	Stimulus/S111	3	32585
163.31	0.0009765625	Stimulus/S111	3	32662
163.66	0.0009765625	Stimulus/S111	3	32732
165.125	0.0009765625	Stimulus/S111	3	33025
165.595	0.0009765625	Stimulus/S111	3	33119
165.96	0.0009765625	Stimulus/S111	3	33192
166.525	0.0009765625	Stimulus/S111	3	33305
166.89	0.0009765625	Stimulus/S111	3	33378
167.76	0.0009765625	Stimulus/S111	3	33552
168.29	0.0009765625	Stimulus/S111	3	33658
168.56	0.0009765625	Stimulus/S111	3	33712
168.825	0.0009765625	Stimulus/S111	3	33765
169.24	0.0009765625	Stimulus/S111	3	33848
169.425	0.0009765625	Stimulus/S111	3	33885
170.46	0.0009765625	Stimulus/S111	3	34092
171.125	0.0009765625	Stimulus/S111	3	34225
171.425	0.0009765625	Stimulus/S111	3	34285
171.675	0.0009765625	Stimulus/S111	3	34335
172.14	0.0009765625	Stimulus/S111	3	34428
172.605	0.0009765625	Stimulus/S111	3	34521
173.005	0.0009765625	Stimulus/S111	3	34601
173.155	0.00146484375	Stimulus/S111	3	34631
174.49	0.0009765625	Stimulus/S111	3	34898
174.705	0.0009765625	Stimulus/S111	3	34941
174.875	0.0009765625	Stimulus/S111	3	34975
175.84	0.0009765625	Stimulus/S111	3	35168
176.025	0.0009765625	Stimulus/S111	3	35205
176.455	0.0009765625	Stimulus/S111	3	35291
176.625	0.0009765625	Stimulus/S111	3	35325
177.155	0.0009765625	Stimulus/S111	3	35431
177.47	0.0009765625	Stimulus/S111	3	35494
177.805	0.0009765625	Stimulus/S111	3	35561
178.555	0.0009765625	Stimulus/S111	3	35711
178.84	0.0009765625	Stimulus/S111	3	35768
179.62	0.0009765625	Stimulus/S111	3	35924
179.905	0.0009765625	Stimulus/S111	3	35981
180.44	0.0009765625	Stimulus/S111	3	36088
180.605	0.0009765625	Stimulus/S111	3	36121
180.97	0.0009765625	Stimulus/S111	3	36194
181.49	0.0009765625	Stimulus/S111	3	36298
181.905	0.0009765625	Stimulus/S111	3	36381
182.355	0.0009765625	Stimulus/S111	3	36471
182.735	0.0009765625	Stimulus/S111	3	36547
183.57	0.0009765625	Stimulus/S111	3	36714
184.07	0.0009765625	Stimulus/S111	3	36814
184.635	0.00146484375	Stimulus/S111	3	36927
184.92	0.0009765625	Stimulus/S111	3	36984
185.485	0.0009765625	Stimulus/S111	3	37097
186.405	0.0009765625	Stimulus/S111	3	37281
186.635	0.0009765625	Stimulus/S111	3	37327
186.9	0.0009765625	Stimulus/S111	3	37380
187.185	0.0009765625	Stimulus/S111	3	37437
187.5	0.0009765625	Stimulus/S111	3	37500
187.785	0.0009765625	Stimulus/S111	3	37557
188.0	0.0009765625	Stimulus/S111	3	37600
188.65	0.0009765625	Stimulus/S111	3	37730
188.87	0.0009765625	Stimulus/S111	3	37774
189.435	0.0009765625	Stimulus/S111	3	37887
189.65	0.0009765625	Stimulus/S111	3	37930
190.07	0.0009765625	Stimulus/S111	3	38014
190.35	0.0009765625	Stimulus/S111	3	38070
190.75	0.0009765625	Stimulus/S111	3	38150
191.12	0.0009765625	Stimulus/S111	3	38224
191.72	0.0009765625	Stimulus/S111	3	38344
192.235	0.0009765625	Stimulus/S111	3	38447
192.635	0.0009765625	Stimulus/S111	3	38527
193.715	0.0009765625	Stimulus/S111	3	38743
194.085	0.0009765625	Stimulus/S111	3	38817
194.565	0.0009765625	Stimulus/S111	3	38913
195.05	0.0009765625	Stimulus/S111	3	39010
195.35	0.0009765625	Stimulus/S111	3	39070
195.815	0.0009765625	Stimulus/S111	3	39163
196.435	0.0009765625	Stimulus/S111	3	39287
197.015	0.0009765625	Stimulus/S111	3	39403
197.5	0.0009765625	Stimulus/S111	3	39500
197.93	0.0009765625	Stimulus/S111	3	39586
198.1	0.0009765625	Stimulus/S111	3	39620
199.48	0.0009765625	Stimulus/S111	3	39896
199.75	0.0009765625	Stimulus/S111	3	39950
200.115	0.0009765625	Stimulus/S111	3	40023
200.75	0.0009765625	Stimulus/S111	3	40150
201.165	0.0009765625	Stimulus/S111	3	40233
201.6	0.0009765625	Stimulus/S111	3	40320
202.2	0.0009765625	Stimulus/S111	3	40440
202.665	0.0009765625	Stimulus/S111	3	40533
203.18	0.0009765625	Stimulus/S111	3	40636
203.58	0.0009765625	Stimulus/S111	3	40716
204.645	0.0009765625	Stimulus/S111	3	40929
204.88	0.0009765625	Stimulus/S111	3	40976
205.08	0.0009765625	Stimulus/S111	3	41016
205.615	0.0009765625	Stimulus/S111	3	41123
205.995	0.0009765625	Stimulus/S111	3	41199
206.315	0.0009765625	Stimulus/S111	3	41263
206.78	0.0009765625	Stimulus/S111	3	41356
207.28	0.0009765625	Stimulus/S111	3	41456
207.445	0.0009765625	Stimulus/S111	3	41489
207.81	0.0009765625	Stimulus/S111	3	41562
208.795	0.0009765625	Stimulus/S111	3	41759
209.03	0.0009765625	Stimulus/S111	3	41806
209.58	0.0009765625	Stimulus/S111	3	41916
209.81	0.0009765625	Stimulus/S111	3	41962
210.23	0.0009765625	Stimulus/S111	3	42046
211.745	0.0009765625	Stimulus/S111	3	42349
212.01	0.0009765625	Stimulus/S111	3	42402
212.545	0.0009765625	Stimulus/S111	3	42509
213.125	0.0009765625	Stimulus/S111	3	42625
213.695	0.0009765625	Stimulus/S111	3	42739
213.86	0.0009765625	Stimulus/S111	3	42772
215.96	0.0009765625	Stimulus/S111	3	43192
216.345	0.0009765625	Stimulus/S111	3	43269
216.51	0.0009765625	Stimulus/S111	3	43302
216.71	0.0009765625	Stimulus/S111	3	43342
216.91	0.0009765625	Stimulus/S111	3	43382
217.795	0.0009765625	Stimulus/S111	3	43559
218.21	0.0009765625	Stimulus/S111	3	43642
218.69	0.0009765625	Stimulus/S111	3	43738
219.09	0.0009765625	Stimulus/S111	3	43818
219.41	0.0009765625	Stimulus/S111	3	43882
219.64	0.0009765625	Stimulus/S111	3	43928
220.11	0.0009765625	Stimulus/S111	3	44022
220.94	0.0009765625	Stimulus/S111	3	44188
221.24	0.00146484375	Stimulus/S111	3	44248
221.49	0.00146484375	Stimulus/S111	3	44298
222.075	0.0009765625	Stimulus/S111	3	44415
222.49	0.00146484375	Stimulus/S111	3	44498
222.89	0.0009765625	Stimulus/S111	3	44578
223.305	0.0009765625	Stimulus/S111	3	44661
223.655	0.00146484375	Stimulus/S111	3	44731
224.825	0.00146484375	Stimulus/S111	3	44965
225.755	0.0009765625	Stimulus/S111	3	45151
226.24	0.0009765625	Stimulus/S111	3	45248
226.705	0.0009765625	Stimulus/S111	3	45341
227.025	0.0009765625	Stimulus/S111	3	45405
227.34	0.0009765625	Stimulus/S111	3	45468
227.74	0.0009765625	Stimulus/S111	3	45548
227.905	0.0009765625	Stimulus/S111	3	45581
228.29	0.0009765625	Stimulus/S111	3	45658
228.52	0.0009765625	Stimulus/S111	3	45704
229.22	0.0009765625	Stimulus/S111	3	45844
229.555	0.0009765625	Stimulus/S111	3	45911
229.87	0.0009765625	Stimulus/S111	3	45974
230.09	0.0009765625	Stimulus/S111	3	46018
230.555	0.0009765625	Stimulus/S111	3	46111
230.92	0.0009765625	Stimulus/S111	3	46184
231.09	0.0009765625	Stimulus/S111	3	46218
232.09	0.0009765625	Stimulus/S111	3	46418
232.32	0.0009765625	Stimulus/S111	3	46464
232.69	0.0009765625	Stimulus/S111	3	46538
232.905	0.0009765625	Stimulus/S111	3	46581
233.44	0.0009765625	Stimulus/S111	3	46688
233.855	0.0009765625	Stimulus/S111	3	46771
234.02	0.0009765625	Stimulus/S111	3	46804
235.605	0.0009765625	Stimulus/S111	3	47121
235.885	0.00146484375	Stimulus/S111	3	47177
236.32	0.0009765625	Stimulus/S111	3	47264
237.105	0.0009765625	Stimulus/S111	3	47421
237.62	0.0009765625	Stimulus/S111	3	47524
238.055	0.00146484375	Stimulus/S111	3	47611
238.305	0.00146484375	Stimulus/S111	3	47661
238.485	0.0009765625	Stimulus/S111	3	47697
239.45	0.0009765625	Stimulus/S111	3	47890
239.67	0.0009765625	Stimulus/S111	3	47934
240.0	0.0009765625	Stimulus/S111	3	48000
240.8	0.0009765625	Stimulus/S111	3	48160
241.35	0.0009765625	Stimulus/S111	3	48270
241.77	0.0009765625	Stimulus/S111	3	48354
242.25	0.0009765625	Stimulus/S111	3	48450
242.435	0.0009765625	Stimulus/S111	3	48487
243.965	0.0009765625	Stimulus/S111	3	48793
244.465	0.0009765625	Stimulus/S111	3	48893
244.7	0.0009765625	Stimulus/S111	3	48940
245.3	0.0009765625	Stimulus/S111	3	49060
245.785	0.0009765625	Stimulus/S111	3	49157
245.965	0.0009765625	Stimulus/S111	3	49193
246.565	0.0009765625	Stimulus/S111	3	49313
246.785	0.0009765625	Stimulus/S111	3	49357
247.485	0.0009765625	Stimulus/S111	3	49497
247.685	0.0009765625	Stimulus/S111	3	49537
248.165	0.0009765625	Stimulus/S111	3	49633
248.365	0.00146484375	Stimulus/S111	3	49673
248.785	0.0009765625	Stimulus/S111	3	49757
249.65	0.0009765625	Stimulus/S111	3	49930
250.33	0.0009765625	Stimulus/S111	3	50066
252.0	0.0009765625	Stimulus/S111	3	50400
252.4	0.0009765625	Stimulus/S111	3	50480
252.7	0.0009765625	Stimulus/S111	3	50540
253.03	0.0009765625	Stimulus/S111	3	50606
253.18	0.0009765625	Stimulus/S111	3	50636
253.55	0.0009765625	Stimulus/S111	3	50710
253.85	0.0009765625	Stimulus/S111	3	50770
254.165	0.0009765625	Stimulus/S111	3	50833
255.265	0.0009765625	Stimulus/S111	3	51053
256.145	0.0009765625	Stimulus/S111	3	51229
256.395	0.0009765625	Stimulus/S111	3	51279
256.895	0.0009765625	Stimulus/S111	3	51379
257.145	0.0009765625	Stimulus/S111	3	51429
257.465	0.0009765625	Stimulus/S111	3	51493
258.615	0.0009765625	Stimulus/S111	3	51723
258.81	0.0009765625	Stimulus/S111	3	51762
259.03	0.0009765625	Stimulus/S111	3	51806
259.61	0.0009765625	Stimulus/S111	3	51922
259.895	0.0009765625	Stimulus/S111	3	51979
260.23	0.0009765625	Stimulus/S111	3	52046
260.53	0.0009765625	Stimulus/S111	3	52106
260.76	0.00146484375	Stimulus/S111	3	52152
260.98	0.0009765625	Stimulus/S111	3	52196
261.46	0.0009765625	Stimulus/S111	3	52292
261.68	0.00146484375	Stimulus/S111	3	52336
263.16	0.0009765625	Stimulus/S111	3	52632
264.175	0.0009765625	Stimulus/S111	3	52835
264.445	0.0009765625	Stimulus/S111	3	52889
264.81	0.0009765625	Stimulus/S111	3	52962
265.295	0.0009765625	Stimulus/S111	3	53059
265.725	0.0009765625	Stimulus/S111	3	53145
266.51	0.0009765625	Stimulus/S111	3	53302
266.825	0.0009765625	Stimulus/S111	3	53365
267.045	0.0009765625	Stimulus/S111	3	53409
267.325	0.0009765625	Stimulus/S111	3	53465
267.825	0.0009765625	Stimulus/S111	3	53565
268.46	0.0009765625	Stimulus/S111	3	53692
268.845	0.0009765625	Stimulus/S111	3	53769
269.245	0.0009765625	Stimulus/S111	3	53849
270.06	0.0009765625	Stimulus/S111	3	54012
270.51	0.0009765625	Stimulus/S111	3	54102
271.075	0.0009765625	Stimulus/S111	3	54215
271.69	0.0009765625	Stimulus/S111	3	54338
272.19	0.0009765625	Stimulus/S111	3	54438
272.66	0.0009765625	Stimulus/S111	3	54532
273.11	0.0009765625	Stimulus/S111	3	54622
273.275	0.0009765625	Stimulus/S111	3	54655
274.41	0.0009765625	Stimulus/S111	3	54882
274.625	0.0009765625	Stimulus/S111	3	54925
275.055	0.0009765625	Stimulus/S111	3	55011
275.525	0.0009765625	Stimulus/S111	3	55105
276.005	0.0009765625	Stimulus/S111	3	55201
276.425	0.0009765625	Stimulus/S111	3	55285
277.025	0.0009765625	Stimulus/S111	3	55405
277.655	0.0009765625	Stimulus/S111	3	55531
278.455	0.0009765625	Stimulus/S111	3	55691
278.625	0.0009765625	Stimulus/S111	3	55725
279.775	0.0009765625	Stimulus/S111	3	55955
280.655	0.0009765625	Stimulus/S111	3	56131
281.22	0.0009765625	Stimulus/S111	3	56244
281.39	0.0009765625	Stimulus/S111	3	56278
281.855	0.0009765625	Stimulus/S111	3	56371
282.705	0.0009765625	Stimulus/S111	3	56541
282.89	0.0009765625	Stimulus/S111	3	56578
283.055	0.0009765625	Stimulus/S111	3	56611
283.27	0.0009765625	Stimulus/S111	3	56654
283.62	0.0009765625	Stimulus/S111	3	56724
284.155	0.0009765625	Stimulus/S111	3	56831
284.32	0.0009765625	Stimulus/S111	3	56864
285.185	0.0009765625	Stimulus/S111	3	57037
285.47	0.0009765625	Stimulus/S111	3	57094
286.02	0.0009765625	Stimulus/S111	3	57204
288.005	0.0009765625	Stimulus/S111	3	57601
288.605	0.0009765625	Stimulus/S111	3	57721
289.02	0.0009765625	Stimulus/S111	3	57804
290.1	0.0009765625	Stimulus/S111	3	58020
291.085	0.0009765625	Stimulus/S111	3	58217
291.57	0.0009765625	Stimulus/S111	3	58314
292.935	0.0009765625	Stimulus/S111	3	58587
293.25	0.0009765625	Stimulus/S111	3	58650
294.07	0.0009765625	Stimulus/S111	3	58814
294.25	0.0009765625	Stimulus/S111	3	58850
294.585	0.0009765625	Stimulus/S111	3	58917
294.8	0.0009765625	Stimulus/S111	3	58960
295.07	0.0009765625	Stimulus/S111	3	59014
295.585	0.0009765625	Stimulus/S111	3	59117
296.1	0.0009765625	Stimulus/S111	3	59220
296.285	0.0009765625	Stimulus/S111	3	59257
296.465	0.0009765625	Stimulus/S111	3	59293
296.9	0.0009765625	Stimulus/S111	3	59380
297.2	0.0009765625	Stimulus/S111	3	59440
297.735	0.0009765625	Stimulus/S111	3	59547
297.9	0.0009765625	Stimulus/S111	3	59580
299.235	0.0009765625	Stimulus/S111	3	59847
299.585	0.0009765625	Stimulus/S111	3	59917
300.465	0.0009765625	Stimulus/S111	3	60093
300.93	0.0009765625	Stimulus/S111	3	60186
301.28	0.00146484375	Stimulus/S111	3	60256
301.75	0.0009765625	Stimulus/S111	3	60350
302.65	0.0009765625	Stimulus/S111	3	60530
303.015	0.0009765625	Stimulus/S111	3	60603
303.6	0.0009765625	Stimulus/S111	3	60720
303.815	0.0009765625	Stimulus/S111	3	60763
304.2	0.0009765625	Stimulus/S111	3	60840
305.28	0.0009765625	Stimulus/S111	3	61056
305.465	0.0009765625	Stimulus/S111	3	61093
306.145	0.0009765625	Stimulus/S111	3	61229
306.395	0.0009765625	Stimulus/S111	3	61279
306.63	0.0009765625	Stimulus/S111	3	61326
307.215	0.0009765625	Stimulus/S111	3	61443
308.43	0.0009765625	Stimulus/S111	3	61686
309.63	0.0009765625	Stimulus/S111	3	61926
310.08	0.0009765625	Stimulus/S111	3	62016
310.315	0.0009765625	Stimulus/S111	3	62063
310.48	0.0009765625	Stimulus/S111	3	62096
312.01	0.00146484375	Stimulus/S111	3	62402
312.51	0.00146484375	Stimulus/S111	3	62502
312.895	0.0009765625	Stimulus/S111	3	62579
313.495	0.0009765625	Stimulus/S111	3	62699
313.86	0.0009765625	Stimulus/S111	3	62772
314.36	0.0009765625	Stimulus/S111	3	62872
315.16	0.0009765625	Stimulus/S111	3	63032
315.495	0.0009765625	Stimulus/S111	3	63099
315.925	0.0009765625	Stimulus/S111	3	63185
316.095	0.0009765625	Stimulus/S111	3	63219
317.21	0.0009765625	Stimulus/S111	3	63442
317.595	0.0009765625	Stimulus/S111	3	63519
318.075	0.0009765625	Stimulus/S111	3	63615
318.71	0.0009765625	Stimulus/S111	3	63742
318.925	0.0009765625	Stimulus/S111	3	63785
319.26	0.0009765625	Stimulus/S111	3	63852
319.545	0.0009765625	Stimulus/S111	3	63909
320.41	0.0009765625	Stimulus/S111	3	64082
320.625	0.0009765625	Stimulus/S111	3	64125
320.89	0.0009765625	Stimulus/S111	3	64178
321.36	0.0009765625	Stimulus/S111	3	64272
322.31	0.0009765625	Stimulus/S111	3	64462
322.49	0.0009765625	Stimulus/S111	3	64498
323.025	0.0009765625	Stimulus/S111	3	64605
323.24	0.0009765625	Stimulus/S111	3	64648
324.19	0.0009765625	Stimulus/S111	3	64838
324.375	0.0009765625	Stimulus/S111	3	64875
325.275	0.0009765625	Stimulus/S111	3	65055
325.625	0.0009765625	Stimulus/S111	3	65125
325.81	0.0009765625	Stimulus/S111	3	65162
325.99	0.00146484375	Stimulus/S111	3	65198
326.19	0.0009765625	Stimulus/S111	3	65238
326.905	0.00146484375	Stimulus/S111	3	65381
327.74	0.0009765625	Stimulus/S111	3	65548
328.005	0.0009765625	Stimulus/S111	3	65601
328.275	0.0009765625	Stimulus/S111	3	65655
328.475	0.0009765625	Stimulus/S111	3	65695
328.69	0.0009765625	Stimulus/S111	3	65738
330.355	0.0009765625	Stimulus/S111	3	66071
330.605	0.0009765625	Stimulus/S111	3	66121
330.905	0.0009765625	Stimulus/S111	3	66181
331.87	0.0009765625	Stimulus/S111	3	66374
332.42	0.0009765625	Stimulus/S111	3	66484
332.655	0.0009765625	Stimulus/S111	3	66531
333.455	0.0009765625	Stimulus/S111	3	66691
334.04	0.0009765625	Stimulus/S111	3	66808
334.305	0.0009765625	Stimulus/S111	3	66861
335.19	0.0009765625	Stimulus/S111	3	67038
335.755	0.0009765625	Stimulus/S111	3	67151
336.02	0.0009765625	Stimulus/S111	3	67204
336.92	0.0009765625	Stimulus/S111	3	67384
337.805	0.0009765625	Stimulus/S111	3	67561
338.12	0.0009765625	Stimulus/S111	3	67624
338.555	0.00146484375	Stimulus/S111	3	67711
338.72	0.00146484375	Stimulus/S111	3	67744
339.485	0.0009765625	Stimulus/S111	3	67897
339.72	0.00146484375	Stimulus/S111	3	67944
340.235	0.0009765625	Stimulus/S111	3	68047
341.685	0.0009765625	Stimulus/S111	3	68337
341.97	0.0009765625	Stimulus/S111	3	68394
342.17	0.0009765625	Stimulus/S111	3	68434
342.55	0.0009765625	Stimulus/S111	3	68510
343.35	0.0009765625	Stimulus/S111	3	68670
343.585	0.0009765625	Stimulus/S111	3	68717
343.77	0.0009765625	Stimulus/S111	3	68754
344.25	0.0009765625	Stimulus/S111	3	68850
344.62	0.0009765625	Stimulus/S111	3	68924
345.05	0.0009765625	Stimulus/S111	3	69010
345.22	0.0009765625	Stimulus/S111	3	69044
346.135	0.0009765625	Stimulus/S111	3	69227
346.615	0.0009765625	Stimulus/S111	3	69323
346.985	0.0009765625	Stimulus/S111	3	69397
347.15	0.0009765625	Stimulus/S111	3	69430
348.265	0.0009765625	Stimulus/S111	3	69653
348.45	0.0009765625	Stimulus/S111	3	69690
348.635	0.0009765625	Stimulus/S111	3	69727
348.985	0.0009765625	Stimulus/S111	3	69797
349.3	0.0009765625	Stimulus/S111	3	69860
349.45	0.0009765625	Stimulus/S111	3	69890
349.65	0.0009765625	Stimulus/S111	3	69930
350.265	0.0009765625	Stimulus/S111	3	70053
350.465	0.0009765625	Stimulus/S111	3	70093
350.735	0.0009765625	Stimulus/S111	3	70147
351.3	0.0009765625	Stimulus/S111	3	70260
351.485	0.0009765625	Stimulus/S111	3	70297
351.9	0.0009765625	Stimulus/S111	3	70380
352.93	0.0009765625	Stimulus/S111	3	70586
353.15	0.0009765625	Stimulus/S111	3	70630
353.365	0.0009765625	Stimulus/S111	3	70673
353.665	0.0009765625	Stimulus/S111	3	70733
353.83	0.0009765625	Stimulus/S111	3	70766
354.6	0.0009765625	Stimulus/S111	3	70920
355.015	0.0009765625	Stimulus/S111	3	71003
355.3	0.0009765625	Stimulus/S111	3	71060
355.715	0.0009765625	Stimulus/S111	3	71143
356.0	0.0009765625	Stimulus/S111	3	71200
356.18	0.0009765625	Stimulus/S111	3	71236
356.78	0.0009765625	Stimulus/S111	3	71356
357.48	0.0009765625	Stimulus/S111	3	71496
357.965	0.0009765625	Stimulus/S111	3	71593
358.145	0.0009765625	Stimulus/S111	3	71629
358.645	0.0009765625	Stimulus/S111	3	71729
360.565	0.0009765625	Stimulus/S111	3	72113
361.53	0.0009765625	Stimulus/S111	3	72306
361.81	0.0009765625	Stimulus/S111	3	72362
362.245	0.0009765625	Stimulus/S111	3	72449
362.81	0.0009765625	Stimulus/S111	3	72562
363.21	0.0009765625	Stimulus/S111	3	72642
363.73	0.0009765625	Stimulus/S111	3	72746
363.96	0.0009765625	Stimulus/S111	3	72792
364.38	0.0009765625	Stimulus/S111	3	72876
364.76	0.00146484375	Stimulus/S111	3	72952
364.995	0.0009765625	Stimulus/S111	3	72999
365.16	0.0009765625	Stimulus/S111	3	73032
365.495	0.0009765625	Stimulus/S111	3	73099
366.495	0.0009765625	Stimulus/S111	3	73299
366.68	0.00146484375	Stimulus/S111	3	73336
367.095	0.0009765625	Stimulus/S111	3	73419
367.495	0.0009765625	Stimulus/S111	3	73499
367.66	0.0009765625	Stimulus/S111	3	73532
367.895	0.0009765625	Stimulus/S111	3	73579
369.025	0.0009765625	Stimulus/S111	3	73805
369.275	0.0009765625	Stimulus/S111	3	73855
369.81	0.0009765625	Stimulus/S111	3	73962
370.06	0.0009765625	Stimulus/S111	3	74012
370.795	0.0009765625	Stimulus/S111	3	74159
371.025	0.0009765625	Stimulus/S111	3	74205
371.175	0.0009765625	Stimulus/S111	3	74235
371.36	0.0009765625	Stimulus/S111	3	74272
371.575	0.0009765625	Stimulus/S111	3	74315
372.16	0.0009765625	Stimulus/S111	3	74432
373.025	0.0009765625	Stimulus/S111	3	74605
373.51	0.0009765625	Stimulus/S111	3	74702
373.96	0.0009765625	Stimulus/S111	3	74792
374.425	0.0009765625	Stimulus/S111	3	74885
374.61	0.0009765625	Stimulus/S111	3	74922
375.125	0.0009765625	Stimulus/S111	3	75025
376.04	0.0009765625	Stimulus/S111	3	75208
376.84	0.0009765625	Stimulus/S111	3	75368
377.01	0.0009765625	Stimulus/S111	3	75402
377.175	0.0009765625	Stimulus/S111	3	75435
377.555	0.0009765625	Stimulus/S111	3	75511
377.79	0.0009765625	Stimulus/S111	3	75558
377.94	0.0009765625	Stimulus/S111	3	75588
378.19	0.0009765625	Stimulus/S111	3	75638
378.355	0.0009765625	Stimulus/S111	3	75671
379.625	0.0009765625	Stimulus/S111	3	75925
380.005	0.0009765625	Stimulus/S111	3	76001
380.69	0.0009765625	Stimulus/S111	3	76138
381.105	0.0009765625	Stimulus/S111	3	76221
381.725	0.0009765625	Stimulus/S111	3	76345
382.24	0.0009765625	Stimulus/S111	3	76448
383.04	0.0009765625	Stimulus/S111	3	76608
383.455	0.0009765625	Stimulus/S111	3	76691
383.79	0.0009765625	Stimulus/S111	3	76758
384.455	0.0009765625	Stimulus/S111	3	76891
384.64	0.0009765625	Stimulus/S111	3	76928
384.82	0.0009765625	Stimulus/S111	3	76964
385.24	0.0009765625	Stimulus/S111	3	77048
385.655	0.0009765625	Stimulus/S111	3	77131
386.14	0.0009765625	Stimulus/S111	3	77228
386.29	0.0009765625	Stimulus/S111	3	77258
387.59	0.0009765625	Stimulus/S111	3	77518
387.77	0.0009765625	Stimulus/S111	3	77554
387.985	0.0009765625	Stimulus/S111	3	77597
388.405	0.0009765625	Stimulus/S111	3	77681
388.82	0.0009765625	Stimulus/S111	3	77764
389.12	0.0009765625	Stimulus/S111	3	77824
390.055	0.00146484375	Stimulus/S111	3	78011
390.27	0.0009765625	Stimulus/S111	3	78054
390.62	0.0009765625	Stimulus/S111	3	78124
391.42	0.0009765625	Stimulus/S111	3	78284
392.305	0.00146484375	Stimulus/S111	3	78461
393.0	0.0009765625	Stimulus/S111	3	78600
394.02	0.0009765625	Stimulus/S111	3	78804
394.435	0.0009765625	Stimulus/S111	3	78887
394.8	0.0009765625	Stimulus/S111	3	78960
395.02	0.0009765625	Stimulus/S111	3	79004
395.185	0.0009765625	Stimulus/S111	3	79037
395.57	0.0009765625	Stimulus/S111	3	79114
396.6	0.0009765625	Stimulus/S111	3	79320
396.87	0.0009765625	Stimulus/S111	3	79374
397.785	0.0009765625	Stimulus/S111	3	79557
398.2	0.0009765625	Stimulus/S111	3	79640
398.585	0.0009765625	Stimulus/S111	3	79717
399.185	0.0009765625	Stimulus/S111	3	79837
399.35	0.0009765625	Stimulus/S111	3	79870
400.285	0.0009765625	Stimulus/S111	3	80057
400.735	0.0009765625	Stimulus/S111	3	80147
401.215	0.0009765625	Stimulus/S111	3	80243
401.365	0.00146484375	Stimulus/S111	3	80273
402.515	0.0009765625	Stimulus/S111	3	80503
402.75	0.0009765625	Stimulus/S111	3	80550
403.185	0.0009765625	Stimulus/S111	3	80637
403.75	0.0009765625	Stimulus/S111	3	80750
404.18	0.0009765625	Stimulus/S111	3	80836
404.38	0.0009765625	Stimulus/S111	3	80876
405.2	0.00146484375	Stimulus/S111	3	81040
405.415	0.0009765625	Stimulus/S111	3	81083
405.68	0.0009765625	Stimulus/S111	3	81136
406.23	0.0009765625	Stimulus/S111	3	81246
406.7	0.0009765625	Stimulus/S111	3	81340
406.915	0.0009765625	Stimulus/S111	3	81383
408.0	0.0009765625	Stimulus/S111	3	81600
408.23	0.0009765625	Stimulus/S111	3	81646
408.615	0.0009765625	Stimulus/S111	3	81723
409.03	0.0009765625	Stimulus/S111	3	81806
409.215	0.0009765625	Stimulus/S111	3	81843
409.645	0.0009765625	Stimulus/S111	3	81929
410.265	0.0009765625	Stimulus/S111	3	82053
410.795	0.0009765625	Stimulus/S111	3	82159
411.245	0.0009765625	Stimulus/S111	3	82249
412.065	0.0009765625	Stimulus/S111	3	82413
412.315	0.0009765625	Stimulus/S111	3	82463
412.88	0.0009765625	Stimulus/S111	3	82576
413.415	0.0009765625	Stimulus/S111	3	82683
413.61	0.0009765625	Stimulus/S111	3	82722
414.18	0.0009765625	Stimulus/S111	3	82836
414.71	0.0009765625	Stimulus/S111	3	82942
415.76	0.00146484375	Stimulus/S111	3	83152
415.995	0.0009765625	Stimulus/S111	3	83199
416.43	0.00146484375	Stimulus/S111	3	83286
417.23	0.0009765625	Stimulus/S111	3	83446
417.73	0.0009765625	Stimulus/S111	3	83546
418.595	0.0009765625	Stimulus/S111	3	83719
419.175	0.0009765625	Stimulus/S111	3	83835
419.74	0.0009765625	Stimulus/S 78	2	83948
